{
    "camera": {
        "FOVy": 60.0,
        "far": 500.0,
        "near": 0.10000000149011612,
        "rotate": {
            "x": 0.0,
            "y": 90.0,
            "z": 0.0
        },
        "translate": {
            "x": -30.0,
            "y": 20.0,
            "z": 0.0
        }
    },
    "objects": [
        {
            "mesh": "data/gltf/sponza/Sponza.gltf",
            "rotate": {
                "x": 0.0,
                "y": 0.0,
                "z": 0.0
            },
            "scale": {
                "x": 0.30000001192092896,
                "y": 0.30000001192092896,
                "z": 0.30000001192092896
            },
            "translate": {
                "x": 0.0,
                "y": 0.0,
                "z": 0.0
            }
        },
        {
            "mesh": "data/gltf/Sphere.gltf",
            "rotate": {
                "x": 0.0,
                "y": 0.0,
                "z": 0.0
            },
            "scale": {
                "x": 5.0,
                "y": 5.0,
                "z": 5.0
            },
            "translate": {
                "x": 0.0,
                "y": 0.0,
                "z": 0.0
            }
        }
    ]
}